"","Average Sensitivity","Average Specificity","Average Precision"
"Syn03Winnow2",0.0334065934065934,0.9999416462828,0.035350263868615
"Syn04Winnowtest",0.125625920471281,0.999925718824329,0.0823906498757176
"Syn06Winnowtest",0.211953352769679,0.999895882457259,0.089415853147812
